time,r,theta,phi
2019-07-04 20:50:12.313515,1.0,83.62643743127087,-29.020194933943504
2019-07-04 20:50:12.333518,1.0,83.62643743127087,-29.020194933943504
2019-07-04 20:50:12.353525,0.9999999999999999,81.47908507071332,-29.582070748895713
2019-07-04 20:50:12.370528,0.9999999999999999,81.17526063181775,-29.56823519365662
2019-07-04 20:50:12.391532,0.9999999999999999,81.47908507071332,-29.582070748895713
2019-07-04 20:50:12.411536,0.9999999999999998,81.19503330276346,-28.497691189938905
2019-07-04 20:50:12.432541,0.9999999999999998,81.19503330276346,-28.497691189938905
2019-07-04 20:50:12.452545,1.0,82.56084484804612,-28.2173558547293
2019-07-04 20:50:12.473550,1.0000000000000002,83.3515004430753,-26.567612683671108
2019-07-04 20:50:12.493573,1.0000000000000002,83.3515004430753,-26.567612683671108
2019-07-04 20:50:12.513559,1.0000000000000002,84.15093150932503,-25.203573845321255
2019-07-04 20:50:12.533582,1.0,83.87371856852927,-24.113897085701556
2019-07-04 20:50:12.551586,1.0,86.00877453410885,-22.45366445913627
2019-07-04 20:50:12.571590,0.9999999999999999,87.07674909860258,-21.955135664980418
2019-07-04 20:50:12.592577,1.0000000000000002,87.89431863837136,-20.596028311148384
2019-07-04 20:50:12.612599,0.9999999999999999,88.71979627195557,-19.233935790792067
2019-07-04 20:50:12.632585,0.9999999999999998,89.37752078064176,-17.90453188747253
2019-07-04 20:50:12.652591,0.9999999999999999,90.48448790362158,-17.650623886615787
2019-07-04 20:50:12.673595,0.9999999999999999,91.29441682737885,-16.134147837138997
2019-07-04 20:50:12.693599,0.9999999999999999,92.0132000932656,-14.835590135223223
2019-07-04 20:50:12.714604,1.0,92.76425661337426,-13.542808556684793
2019-07-04 20:50:12.731608,0.9999999999999998,92.53961730568365,-12.42231010036063
2019-07-04 20:50:12.751613,1.0,93.28039003145824,-11.025926994039322
2019-07-04 20:50:12.772619,1.0000000000000002,94.19906755514691,-10.939138597498353
2019-07-04 20:50:12.792622,1.0,95.05087128083123,-9.688508591486508
2019-07-04 20:50:12.812627,1.0,95.93155817778067,-8.448267379146241
2019-07-04 20:50:12.833632,0.9999999999999999,95.78660231873843,-8.442881781828985
2019-07-04 20:50:12.853637,0.9999999999999998,95.63291479604813,-8.57762134988275
2019-07-04 20:50:12.873640,0.9999999999999998,95.43538504931477,-7.501721700112608
2019-07-04 20:50:12.891645,0.9999999999999999,96.50461300713573,-7.455584560956343
2019-07-04 20:50:12.911649,0.9999999999999999,97.48108700085027,-6.282492088161383
2019-07-04 20:50:12.932654,0.9999999999999999,97.33932206770379,-5.210236383886481
2019-07-04 20:50:12.952658,0.9999999999999999,97.24347973104578,-5.364539616364219
2019-07-04 20:50:12.972662,0.9999999999999997,95.98213494656208,-5.440332031005506
2019-07-04 20:50:12.992667,1.0,95.8771517828652,-5.563023785066256
2019-07-04 20:50:13.013671,1.0,95.76724436462732,-5.681517669794798
2019-07-04 20:50:13.033676,1.0000000000000002,95.71565775137313,-4.592671150162697
2019-07-04 20:50:13.050681,0.9999999999999998,95.66921558188254,-4.64936454580006
2019-07-04 20:50:13.071685,1.0000000000000002,95.62166327046808,-4.705096977266241
2019-07-04 20:50:13.091689,0.9999999999999998,94.46988049724526,-3.5763343749973515
2019-07-04 20:50:13.112694,1.0000000000000002,94.4324174271192,-3.6195325456235383
2019-07-04 20:50:13.132698,1.0,94.39413210192258,-3.6619355755198026
2019-07-04 20:50:13.152703,0.9999999999999999,94.42579263467776,-2.5610435289603726
2019-07-04 20:50:13.172707,1.0,93.33973030654434,-1.3809038571683723
2019-07-04 20:50:13.193731,0.9999999999999996,93.32335767398648,-1.4130169556926169
2019-07-04 20:50:13.213734,0.9999999999999999,93.30637782561435,-1.4447466435954535
2019-07-04 20:50:13.231739,1.0,92.29128494358791,-0.23156701038756639
2019-07-04 20:50:13.251743,1.0,91.01618156789011,-1.2704642693301522
2019-07-04 20:50:13.271748,1.0,90.98830352840392,-1.2873289415250384
2019-07-04 20:50:13.291752,0.9999999999999998,89.83953951555571,-1.1347620046404363
2019-07-04 20:50:13.312757,1.0000000000000002,88.6898123241315,-0.9458215261513583
2019-07-04 20:50:13.332761,1.0,86.40007037827687,-0.5083581660421492
2019-07-04 20:50:13.353750,1.0,83.93720224699118,-1.041002835721468
2019-07-04 20:50:13.373753,0.9999999999999999,82.76859985270218,-0.6482979840735644
2019-07-04 20:50:13.394757,1.0,81.40637740132686,-1.3322198538696384
2019-07-04 20:50:13.411761,0.9999999999999999,79.1207544935546,-0.63126849627687
2019-07-04 20:50:13.432780,0.9999999999999998,78.83781192575026,-1.6402310879974176
2019-07-04 20:50:13.452789,1.0000000000000002,77.64283838648281,-1.182041691345759
2019-07-04 20:50:13.472793,0.9999999999999998,77.66750653833185,-1.0576480892474176
2019-07-04 20:50:13.492798,0.9999999999999999,76.61081378847949,-0.5853472226266565
2019-07-04 20:50:13.512784,0.9999999999999998,76.51806821679777,-0.41517954114486477
2019-07-04 20:50:13.533807,0.9999999999999998,75.48114425985122,0.09450841657687258
2019-07-04 20:50:13.553811,1.0,74.37921124806087,0.8337674551364155
2019-07-04 20:50:13.570815,1.0,73.23447570662786,1.4748424975900363
2019-07-04 20:50:13.591802,0.9999999999999999,70.79175153646914,1.8558213511383317
2019-07-04 20:50:13.611806,0.9999999999999997,67.8367960555184,1.1056031124713603
2019-07-04 20:50:13.631829,1.0,66.26697181819243,1.4121099750760737
2019-07-04 20:50:13.652816,0.9999999999999999,64.12370485998414,3.299402261626987
2019-07-04 20:50:13.672820,1.0000000000000002,62.70023791497586,3.471350018437228
2019-07-04 20:50:13.693825,1.0,60.09351482406603,5.080790130419625
2019-07-04 20:50:13.713847,0.9999999999999997,56.97407301848402,8.07119087508823
2019-07-04 20:50:13.734852,0.9999999999999997,54.851555038652805,11.056412980248187
2019-07-04 20:50:13.751856,0.9999999999999998,53.41022921100077,12.75857166738327
2019-07-04 20:50:13.771861,0.9999999999999999,52.30164404577484,15.207633400227612
2019-07-04 20:50:13.791865,1.0,51.80824807097427,16.11670732241613
2019-07-04 20:50:13.811851,1.0,50.18548327899439,18.10198859664766
2019-07-04 20:50:13.832874,1.0,50.22369344136726,19.84293987546878
2019-07-04 20:50:13.852879,0.9999999999999999,49.51774152953596,22.780873035009115
2019-07-04 20:50:13.873884,1.0000000000000002,49.45651603039698,23.95484495094092
2019-07-04 20:50:13.893870,1.0000000000000002,48.98242250785511,24.58252731599361
2019-07-04 20:50:13.914875,0.9999999999999999,49.52397343334814,25.715987455969376
2019-07-04 20:50:13.931878,1.0,49.79141392794767,28.10761670322118
2019-07-04 20:50:13.951883,0.9999999999999999,50.853722158477034,28.411477483636837
2019-07-04 20:50:13.971887,1.0,50.5269648642785,29.05098168146087
2019-07-04 20:50:13.992893,1.0,51.253367595714906,30.000786729801384
2019-07-04 20:50:14.012896,1.0,50.38369200878287,30.28658150171688
2019-07-04 20:50:14.033902,1.0000000000000002,50.13318545146212,30.96375653207352
2019-07-04 20:50:14.053906,1.0000000000000002,49.08537288620992,32.05147155956206
2019-07-04 20:50:14.073929,0.9999999999999998,49.44677239348025,32.5707209619702
2019-07-04 20:50:14.093915,0.9999999999999997,47.902228361677686,32.17880298713013
2019-07-04 20:50:14.111919,1.0,45.61400976092619,34.45262831935043
2019-07-04 20:50:14.131942,1.0,45.61400976092619,34.45262831935043
2019-07-04 20:50:14.151946,0.9999999999999998,44.59445119237952,34.44320386774698
2019-07-04 20:50:14.172933,1.0,43.581552168617506,34.442865424921514
2019-07-04 20:50:14.192955,1.0,42.36191481506629,35.53767779197438
2019-07-04 20:50:14.213960,1.0,41.63033912953405,36.30676985146822
2019-07-04 20:50:14.233946,1.0000000000000002,39.362689571388174,36.1351417259168
2019-07-04 20:50:14.253969,1.0000000000000002,37.377875512778395,36.393134797220775
2019-07-04 20:50:14.270973,1.0000000000000002,34.24486773224515,38.34367937470762
2019-07-04 20:50:14.291978,1.0000000000000002,31.813701249719696,39.45873853875603
2019-07-04 20:50:14.311982,0.9999999999999999,28.28896738128219,43.05691893070283
2019-07-04 20:50:14.332987,0.9999999999999999,25.580385059278033,46.05118074954373
2019-07-04 20:50:14.352993,1.0,22.585688418658354,48.69138598645127
2019-07-04 20:50:14.373996,1.0,19.73392312381932,55.4231593425862
2019-07-04 20:50:14.394001,1.0000000000000002,17.861862473475824,59.379750777520904
2019-07-04 20:50:14.414005,1.0,16.724642303692317,66.6270688995933
2019-07-04 20:50:14.431009,1.0,14.24643327149717,74.36316135584865
2019-07-04 20:50:14.452014,0.9999999999999997,13.85086722869345,84.27043475077221
2019-07-04 20:50:14.472018,1.0,13.2914021662317,94.31176190198241
2019-07-04 20:50:14.492023,1.0000000000000002,14.633624859064541,104.03624346792647
2019-07-04 20:50:14.513028,0.9999999999999998,14.771841921458863,109.58071166109713
2019-07-04 20:50:14.533032,0.9999999999999999,14.226608705056732,116.8795719675592
2019-07-04 20:50:14.554037,1.0,13.899635355490146,124.59228868750992
2019-07-04 20:50:14.574023,1.0,13.8521479441398,131.71153898822502
2019-07-04 20:50:14.594028,1.0000000000000002,15.715660256493756,137.6557653629379
2019-07-04 20:50:14.611032,1.0000000000000002,16.72464230369234,141.4454180362597
2019-07-04 20:50:14.632036,0.9999999999999998,19.48338338035026,146.95187513002477
2019-07-04 20:50:14.652051,0.9999999999999999,21.379005334249012,151.6726657472684
2019-07-04 20:50:14.673055,0.9999999999999999,22.075090653127674,153.94161435423402
2019-07-04 20:50:14.693059,1.0,22.83397185759255,158.5106171840891
2019-07-04 20:50:14.713064,0.9999999999999997,23.695903234846792,162.77251177354904
2019-07-04 20:50:14.734069,1.0,26.349424319135245,163.68614757373948
2019-07-04 20:50:14.754073,1.0000000000000002,30.413699600991887,165.8650747780342
2019-07-04 20:50:14.774077,1.0000000000000002,35.44932943510865,168.12361053533255
2019-07-04 20:50:14.791082,1.0,37.812232981193915,169.79602627826833
2019-07-04 20:50:14.812087,1.0,38.88088066071105,172.28763849579596
2019-07-04 20:50:14.832091,0.9999999999999999,38.674162123304384,173.01151027001657
2019-07-04 20:50:14.853096,0.9999999999999999,38.18000589022073,175.3444925719864
2019-07-04 20:50:14.873100,0.9999999999999998,39.63825218049346,176.06710372776948
2019-07-04 20:50:14.894105,1.0,40.48961513186863,177.20859652450775
2019-07-04 20:50:14.914109,1.0,42.972757228234414,178.19134958301993
2019-07-04 20:50:14.934114,1.0,44.321741755478044,179.34447048640968
2019-07-04 20:50:14.955118,1.0000000000000002,45.26240671491653,-179.72281711638138
2019-07-04 20:50:14.972122,0.9999999999999998,49.02463694205919,-177.2535993226558
2019-07-04 20:50:14.992126,1.0,51.10326338248585,-176.246810168841
2019-07-04 20:50:15.013132,0.9999999999999999,55.229333320089374,-176.8105597192878
2019-07-04 20:50:15.033135,1.0000000000000002,57.388967983176165,-176.36185284557462
2019-07-04 20:50:15.053141,0.9999999999999998,60.78978739093817,-174.10402031469252
2019-07-04 20:50:15.073145,1.0,64.3652969366738,-173.55972044504367
2019-07-04 20:50:15.094150,1.0,65.34407539125387,-171.88062652272626
2019-07-04 20:50:15.114154,0.9999999999999999,67.56913870295543,-171.55100049627788
2019-07-04 20:50:15.135159,0.9999999999999999,68.9085997474592,-171.44144847010136
2019-07-04 20:50:15.152163,0.9999999999999999,68.9085997474592,-171.44144847010136
2019-07-04 20:50:15.172175,1.0000000000000002,67.95266912117893,-172.79884312513772
2019-07-04 20:50:15.193183,1.0,66.84668651936738,-172.96598752217102
2019-07-04 20:50:15.213187,1.0,64.56293576801569,-174.21069868676923
2019-07-04 20:50:15.233192,1.0,63.6050746266119,-175.60916440383323
2019-07-04 20:50:15.254198,1.0,63.6050746266119,-175.60916440383323
2019-07-04 20:50:15.274201,0.9999999999999998,62.67086715564822,-177.3259530559559
2019-07-04 20:50:15.295207,0.9999999999999998,62.67086715564822,-177.3259530559559
2019-07-04 20:50:15.312210,1.0,61.46887414417932,-178.79881289299396
2019-07-04 20:50:15.332214,0.9999999999999998,59.3205392074028,-179.56096047431834
2019-07-04 20:50:15.352219,0.9999999999999999,57.113821808748604,178.2460361894328
2019-07-04 20:50:15.373224,1.0,56.12450321228128,177.59691095605487
2019-07-04 20:50:15.393229,1.0,54.966883528369685,175.8907604483092
2019-07-04 20:50:15.413232,1.0000000000000002,54.02134776665438,175.17473734717885
2019-07-04 20:50:15.434237,1.0000000000000002,52.967965220608384,174.8532649290745
2019-07-04 20:50:15.454242,1.0,51.9955159256167,172.57549022366797
2019-07-04 20:50:15.475247,1.0000000000000002,50.90333534020859,170.64702074990674
2019-07-04 20:50:15.492250,1.0000000000000002,48.84110340533827,169.84461748926316
2019-07-04 20:50:15.512255,0.9999999999999998,48.02767430467734,168.93612425281157
2019-07-04 20:50:15.533260,0.9999999999999999,47.662373309351,168.65036151742748
2019-07-04 20:50:15.553264,1.0,46.992808752409026,166.82032450406402
2019-07-04 20:50:15.573268,1.0,44.89043135770195,164.96451286181622
2019-07-04 20:50:15.594273,1.0,43.156957857067546,165.4555897224373
2019-07-04 20:50:15.614277,1.0,42.461655603217174,164.32047587758078
2019-07-04 20:50:15.634282,1.0,41.00492971339768,164.13578828776852
2019-07-04 20:50:15.655287,1.0,39.663867516263885,163.02713161301116
2019-07-04 20:50:15.672292,0.9999999999999999,38.213876619998025,162.67656366112988
2019-07-04 20:50:15.692295,1.0000000000000002,37.63247905997075,161.29124885791555
2019-07-04 20:50:15.713300,1.0,37.59214289252509,160.07165029539144
2019-07-04 20:50:15.733304,0.9999999999999999,37.077094598682905,158.63127979152367
2019-07-04 20:50:15.753309,1.0,37.0945169205153,157.3735629277038
2019-07-04 20:50:15.774313,0.9999999999999998,35.74801694024088,156.61477894278624
2019-07-04 20:50:15.794318,1.0,33.252215781597926,153.8999560069473
2019-07-04 20:50:15.815323,0.9999999999999996,32.33303678204167,149.53338228658592
2019-07-04 20:50:15.832327,1.0,30.18152356998974,145.79698036174645
2019-07-04 20:50:15.852331,1.0000000000000002,29.439166972561225,142.38905033016093
2019-07-04 20:50:15.873337,0.9999999999999999,27.51537583276047,140.3978864051523
2019-07-04 20:50:15.893341,0.9999999999999999,26.30937194503764,137.49351912575256
2019-07-04 20:50:15.913345,0.9999999999999999,26.072865819485592,133.17134791743345
2019-07-04 20:50:15.934350,0.9999999999999999,25.3801047229619,128.89390615271577
2019-07-04 20:50:15.954355,1.0,26.74329598418118,127.23038740319201
2019-07-04 20:50:15.974359,1.0,26.59536482857088,126.44064725034443
2019-07-04 20:50:15.995364,0.9999999999999999,28.017712036260942,125.11696190561811
2019-07-04 20:50:16.012367,0.9999999999999998,27.909993375615898,124.39089837624219
2019-07-04 20:50:16.032372,1.0,28.813132975877092,121.71341654754693
2019-07-04 20:50:16.052376,0.9999999999999999,29.455709559263962,118.81079374297306
2019-07-04 20:50:16.073381,0.9999999999999999,31.297475187471385,114.49971930290116
2019-07-04 20:50:16.093385,1.0000000000000002,33.00262482755834,111.88869141200061
2019-07-04 20:50:16.114390,0.9999999999999998,34.289604727761294,110.10880473045707
2019-07-04 20:50:16.134395,1.0,34.34574314544192,108.14894897112694
2019-07-04 20:50:16.154399,0.9999999999999999,34.874082073190266,106.67246067344888
2019-07-04 20:50:16.175404,0.9999999999999999,35.025721167482885,107.84481491355707
2019-07-04 20:50:16.192408,1.0,36.04932905362067,107.50791355314982
2019-07-04 20:50:16.213413,1.0,35.773900388890965,109.72245199889788
2019-07-04 20:50:16.233417,0.9999999999999998,37.26232414671019,110.36260166842142
2019-07-04 20:50:16.253422,1.0000000000000002,38.792983611469815,112.3761737840239
2019-07-04 20:50:16.273426,1.0,41.826407312279386,109.8089133065812
2019-07-04 20:50:16.294431,1.0000000000000002,43.62039153598602,109.59988435628628
2019-07-04 20:50:16.314435,1.0000000000000002,45.0830235393089,110.08287211059681
2019-07-04 20:50:16.334461,0.9999999999999997,46.64898969193822,111.76932898605747
2019-07-04 20:50:16.352468,0.9999999999999998,45.26914866955581,115.99139545757554
2019-07-04 20:50:16.372473,0.9999999999999998,44.30414720142469,119.53640449600404
2019-07-04 20:50:16.393476,1.0,43.267050592102805,125.3659938670617
2019-07-04 20:50:16.413480,0.9999999999999999,42.42469516512295,126.89038542333599
2019-07-04 20:50:16.433485,1.0,42.63104301513982,128.28945332172026
2019-07-04 20:50:16.454490,1.0,44.14430633562286,130.49368022245633
2019-07-04 20:50:16.474494,1.0000000000000002,46.29204545717524,135.17035364919528
2019-07-04 20:50:16.494498,1.0,49.41114103167816,141.6307849237696
2019-07-04 20:50:16.514503,1.0,50.54008220564365,149.75368896709986
2019-07-04 20:50:16.532507,0.9999999999999998,51.52856225743904,158.88366042446833
2019-07-04 20:50:16.552511,1.0000000000000002,52.07902614237632,171.5502805974754
2019-07-04 20:50:16.573516,1.0000000000000002,50.599554142658455,-174.2370287406426
2019-07-04 20:50:16.593521,1.0,51.7593065371398,-158.881023095831
2019-07-04 20:50:16.613525,0.9999999999999999,52.73996623179933,-144.39819852987367
2019-07-04 20:50:16.634530,1.0,54.19460704693311,-133.34058640266116
2019-07-04 20:50:16.654534,0.9999999999999999,53.493951859309064,-127.2713273818484
2019-07-04 20:50:16.674539,0.9999999999999998,52.3724312410193,-124.6106425222022
2019-07-04 20:50:16.691543,1.0000000000000002,51.595847301026225,-125.35576017843754
2019-07-04 20:50:16.712548,0.9999999999999999,50.816211017648634,-126.10871316508916
2019-07-04 20:50:16.732552,1.0,52.29519913812437,-126.21382916600199
2019-07-04 20:50:16.753557,1.0,54.74035354688556,-123.03966699211468
2019-07-04 20:50:16.773568,0.9999999999999999,56.516531250032926,-119.92588155537753
2019-07-04 20:50:16.794573,1.0,58.12860401195359,-117.55098690357056
2019-07-04 20:50:16.814620,1.0,57.7329519617895,-114.85740497442212
2019-07-04 20:50:16.834624,1.0,57.75181603680704,-110.01623352845603
2019-07-04 20:50:16.854629,1.0000000000000002,56.67006989223243,-104.91549578742664
2019-07-04 20:50:16.872633,0.9999999999999999,56.00795388918264,-101.42710159394514
2019-07-04 20:50:16.892637,0.9999999999999999,55.3216399233098,-101.08835524774324
2019-07-04 20:50:16.912642,0.9999999999999999,49.610285316842486,-99.8287170825517
2019-07-04 20:50:16.933647,0.9999999999999998,46.74734863259834,-93.12741946602509
2019-07-04 20:50:16.953651,1.0,51.71828005971332,-78.88569291190252
2019-07-04 20:50:16.973656,1.0,60.753081397405204,-66.60786107238052
2019-07-04 20:50:16.994642,0.9999999999999999,66.49962037633284,-58.587679700972195
2019-07-04 20:50:17.014665,1.0,66.38158055097483,-54.397990952559844
2019-07-04 20:50:17.035670,1.0000000000000002,66.47959404522499,-50.205682761051705
2019-07-04 20:50:17.052656,1.0,66.37234448056077,-47.56403108556925
2019-07-04 20:50:17.072678,0.9999999999999999,64.90961491738912,-44.35686063635398
2019-07-04 20:50:17.093665,0.9999999999999999,62.64811446132673,-43.118399871964044
2019-07-04 20:50:17.113669,1.0,63.770065705868085,-38.541946697926974
2019-07-04 20:50:17.133692,1.0,64.5819267222252,-34.84048048273488
2019-07-04 20:50:17.154679,0.9999999999999999,65.69715951850712,-33.968073675474365
2019-07-04 20:50:17.174682,1.0,66.04431469016873,-30.943495225044344
2019-07-04 20:50:17.194687,0.9999999999999999,66.63409455979345,-28.454127776937014
2019-07-04 20:50:17.215710,0.9999999999999997,69.69251087886737,-24.941093344910023
2019-07-04 20:50:17.232696,0.9999999999999999,72.71213525719317,-22.757777368643286
2019-07-04 20:50:17.252700,0.9999999999999997,76.73628623023431,-18.942958704434528
2019-07-04 20:50:17.273705,1.0,78.49112549971598,-17.10272896905237
2019-07-04 20:50:17.293709,1.0,79.19820869238947,-15.640891081921845
2019-07-04 20:50:17.313714,0.9999999999999997,79.80503762296497,-13.957443879789778
2019-07-04 20:50:17.334720,1.0,81.28984415382693,-11.07020257793936
2019-07-04 20:50:17.354723,1.0,82.80319938351721,-8.184561300397043
2019-07-04 20:50:17.375728,1.0,85.8657610924983,-6.029849447718974
2019-07-04 20:50:17.392732,0.9999999999999998,88.76392205855144,-3.9408545744721306
2019-07-04 20:50:17.412736,0.9999999999999998,89.54185795042534,-2.520647990862646
2019-07-04 20:50:17.433743,1.0000000000000002,91.72777278469492,-1.9014753782052063
2019-07-04 20:50:17.453764,0.9999999999999999,92.52491130264922,-0.5099520036280136
2019-07-04 20:50:17.473768,1.0,93.60761354503094,-0.25149621983518544
2019-07-04 20:50:17.493772,1.0,93.6242641610522,-0.35943455727240037
2019-07-04 20:50:17.514760,0.9999999999999999,94.723554725219,-0.25341755722728143
2019-07-04 20:50:17.534782,0.9999999999999998,94.69173371809998,-0.39946609368269337
2019-07-04 20:50:17.551786,1.0,93.69646717732806,-1.8684304927933766
2019-07-04 20:50:17.572791,1.0,93.7736065274068,-4.2839035520988
2019-07-04 20:50:17.592777,1.0000000000000002,92.51052381364845,-5.627081589876091
2019-07-04 20:50:17.613782,1.0,91.20005918774247,-5.713436656947475
2019-07-04 20:50:17.633804,0.9999999999999998,90.97067747557604,-5.754345112637406
2019-07-04 20:50:17.653809,1.0,93.1343475204458,-5.885987833028266
2019-07-04 20:50:17.674795,1.0,95.36376606974689,-5.072406796123451
2019-07-04 20:50:17.694800,0.9999999999999999,97.4043640505162,-5.5497794232187445
2019-07-04 20:50:17.714804,0.9999999999999999,97.60473518912112,-3.4069905643657123
2019-07-04 20:50:17.732827,0.9999999999999997,99.37346446223788,0.8975105965591171
2019-07-04 20:50:17.752813,1.0,103.2015071659168,2.6819318141945274
2019-07-04 20:50:17.773818,1.0000000000000002,106.87418901664795,4.68433962439231
2019-07-04 20:50:17.793822,1.0000000000000002,107.01864740355498,5.856013585428958
2019-07-04 20:50:17.813827,0.9999999999999999,105.89688715460144,6.0052707784188115
2019-07-04 20:50:17.833831,1.0,103.55634691030139,4.854036628602003
2019-07-04 20:50:17.854836,1.0000000000000002,102.2582556628616,3.878524502847706
2019-07-04 20:50:17.874840,1.0000000000000002,102.2582556628616,3.878524502847706
2019-07-04 20:50:17.895845,0.9999999999999997,103.38310945314052,3.698965043851177
2019-07-04 20:50:17.912851,0.9999999999999998,105.7970379113457,4.500796321119742
2019-07-04 20:50:17.932854,0.9999999999999999,108.21071644392137,4.160083067774385
2019-07-04 20:50:17.952858,0.9999999999999998,109.49966843240958,5.164623580348908
2019-07-04 20:50:17.973881,0.9999999999999999,111.91252254189172,5.765427448237836
2019-07-04 20:50:17.993885,0.9999999999999999,115.76206901781207,7.954886449250652
2019-07-04 20:50:18.014891,0.9999999999999998,120.6045061514835,10.588545634119033
2019-07-04 20:50:18.034895,0.9999999999999999,123.21860064616479,13.434032633759779
2019-07-04 20:50:18.054899,1.0,124.30828298196856,13.347123251673175
2019-07-04 20:50:18.075904,0.9999999999999998,125.29719790845152,13.69799356692796
2019-07-04 20:50:18.092908,1.0,127.87124947640251,15.05417123830736
2019-07-04 20:50:18.112912,1.0,131.50417727328409,16.473993938189075
2019-07-04 20:50:18.133917,1.0,134.9557637790839,18.679279024236106
2019-07-04 20:50:18.153922,1.0000000000000002,139.92234532017238,22.456938999942125
2019-07-04 20:50:18.173926,1.0,142.6285032398065,25.798882857203257
2019-07-04 20:50:18.194913,0.9999999999999999,144.88673408696908,27.500850016105158
2019-07-04 20:50:18.214935,1.0,146.84562532105303,28.05171254245111
2019-07-04 20:50:18.235985,1.0,149.83253212774926,29.747727302280285
2019-07-04 20:50:18.252989,1.0,151.7197015739164,34.32095672022765
2019-07-04 20:50:18.272975,1.0,153.76161157726233,32.347811804724124
2019-07-04 20:50:18.292979,1.0,155.1955156710585,29.36519764672937
2019-07-04 20:50:18.313985,0.9999999999999999,156.4782860222503,32.85194453881445
2019-07-04 20:50:18.333989,0.9999999999999998,160.3120708018786,36.883516799263084
2019-07-04 20:50:18.353993,1.0,161.41333645065606,41.65147275506583
2019-07-04 20:50:18.375010,1.0,162.23304851627262,42.818608657678816
2019-07-04 20:50:18.395014,1.0000000000000002,162.80048714735364,44.27024462693129
2019-07-04 20:50:18.415018,1.0,163.17928449137182,41.494166117923704
2019-07-04 20:50:18.433022,0.9999999999999998,163.9897736257937,42.817104069490064
2019-07-04 20:50:18.453027,1.0,164.569308787631,44.44494522693003
2019-07-04 20:50:18.473031,1.0,166.13290183507146,52.18823343929858
2019-07-04 20:50:18.494036,1.0,166.13290183507146,61.71551682075094
2019-07-04 20:50:18.514041,1.0,167.33993127200185,61.66395924060171
2019-07-04 20:50:18.535045,1.0,167.33993127200185,61.66395924060171
2019-07-04 20:50:18.555068,1.0,166.25578822922355,56.46953033286692
2019-07-04 20:50:18.575077,1.0,166.25578822922355,56.46953033286692
2019-07-04 20:50:18.592076,1.0,166.62042733146657,49.11959929135277
2019-07-04 20:50:18.613081,1.0,166.62042733146657,49.11959929135277
2019-07-04 20:50:18.633086,0.9999999999999998,166.5375161080978,44.60295816967368
2019-07-04 20:50:18.654090,0.9999999999999998,165.52001834291423,38.03458150994489
2019-07-04 20:50:18.674095,1.0,163.54468745137427,32.176734561192845
2019-07-04 20:50:18.694099,0.9999999999999999,162.66637344505116,23.13585701759279
2019-07-04 20:50:18.714104,1.0,158.8677206079089,15.04327717385859
2019-07-04 20:50:18.735108,1.0000000000000002,154.67986416476228,8.837421722700235
2019-07-04 20:50:18.755113,0.9999999999999999,149.41846197474797,5.424351430960693
2019-07-04 20:50:18.772117,0.9999999999999998,146.65541195259138,3.290078557138904
2019-07-04 20:50:18.793122,1.0,143.85243731881235,1.492143971536142
2019-07-04 20:50:18.813149,0.9999999999999999,140.24620162071338,1.920210855437538
2019-07-04 20:50:18.834180,1.0,134.19702979197743,3.758555685471998
2019-07-04 20:50:18.854184,0.9999999999999999,126.25235352013229,0.6564928429913217
2019-07-04 20:50:18.874189,0.9999999999999999,119.40344082412447,-1.6996727495860626
2019-07-04 20:50:18.895194,0.9999999999999998,114.56897731040686,-1.5535729231490831
2019-07-04 20:50:18.915198,0.9999999999999998,111.02454584497656,-1.8169305447071247
2019-07-04 20:50:18.936203,1.0,106.50028419042465,-0.40839067358552844
2019-07-04 20:50:18.953207,0.9999999999999999,100.37116731133061,-1.0791540501216725
2019-07-04 20:50:18.973212,0.9999999999999999,92.85851577202075,-6.771589498409977
2019-07-04 20:50:18.993216,0.9999999999999998,84.83121007294588,-5.710593137499642
2019-07-04 20:50:19.014221,0.9999999999999998,78.4301998287065,-2.51095209524028
2019-07-04 20:50:19.034225,1.0,72.92211471660137,-0.4307872170086287
2019-07-04 20:50:19.054230,0.9999999999999999,68.8133679609767,2.298015085572081
2019-07-04 20:50:19.075234,1.0,68.10865529634098,3.308355399792707
2019-07-04 20:50:19.095239,0.9999999999999999,68.3482100392851,3.7260829777035007
2019-07-04 20:50:19.112243,1.0,67.95266912117893,1.5962538351287483
2019-07-04 20:50:19.133248,1.0,68.84053091010723,-0.7807309552821288
2019-07-04 20:50:19.153252,1.0,69.58709193913495,-4.461677610467183
2019-07-04 20:50:19.174257,1.0000000000000004,69.66620368357005,-8.895856969663303
2019-07-04 20:50:19.194261,1.0,69.837943483284,-11.9412063164916
2019-07-04 20:50:19.214265,1.0,70.22759023346501,-16.142509831623578
2019-07-04 20:50:19.235270,1.0000000000000002,69.00482661478546,-19.91515553120924
2019-07-04 20:50:19.255275,0.9999999999999998,68.30823884081254,-24.20971165101662
2019-07-04 20:50:19.275279,0.9999999999999998,67.4499855292684,-27.178251090758256
2019-07-04 20:50:19.293284,0.9999999999999998,65.18193438489388,-27.346206303955896
2019-07-04 20:50:19.313288,1.0000000000000002,59.35316576039948,-29.24695832078364
2019-07-04 20:50:19.333292,1.0000000000000002,51.644174213652605,-34.12807195437136
2019-07-04 20:50:19.354298,0.9999999999999999,44.25126685046527,-41.30337872193187
2019-07-04 20:50:19.374301,1.0,39.887783264237186,-47.687731230685046
2019-07-04 20:50:19.394306,0.9999999999999999,40.44617309303024,-50.593957176984205
2019-07-04 20:50:19.415310,1.0,41.17903809724346,-53.367321712704914
2019-07-04 20:50:19.435315,1.0,41.83686154510545,-58.045637062948614
2019-07-04 20:50:19.456320,1.0,40.94110547452651,-62.40270413135629
2019-07-04 20:50:19.473324,0.9999999999999999,40.47646209386694,-68.85591517651615
2019-07-04 20:50:19.493328,1.0,41.7782606398738,-73.2036457631532
2019-07-04 20:50:19.514333,0.9999999999999999,44.92122725362774,-74.47850415426198
2019-07-04 20:50:19.534338,0.9999999999999999,48.64834950178235,-76.9688425373277
2019-07-04 20:50:19.554370,1.0000000000000002,49.254294232585984,-81.58187436974792
2019-07-04 20:50:19.575373,1.0,48.96795525195022,-89.16892505300345
2019-07-04 20:50:19.595397,1.0,48.955757419023435,-93.39105784314823
2019-07-04 20:50:19.615383,1.0000000000000002,49.95585910107169,-92.62291413469174
2019-07-04 20:50:19.636387,0.9999999999999999,52.63485869143531,-91.12670063718335
2019-07-04 20:50:19.653391,1.0000000000000002,53.58218513038603,-90.29767455318763
2019-07-04 20:50:19.673396,0.9999999999999999,53.607885439868376,-91.70135460532612
2019-07-04 20:50:19.694401,1.0,54.34946221198545,-93.75994718657661
2019-07-04 20:50:19.714406,1.0,55.229333320089374,-96.660849458569
2019-07-04 20:50:19.734409,1.0,55.11626509432189,-98.78429729727432
2019-07-04 20:50:19.755414,0.9999999999999998,56.72183896975737,-98.1734098134165
2019-07-04 20:50:19.775420,1.0000000000000002,57.10029221026557,-96.95146291263045
2019-07-04 20:50:19.796423,0.9999999999999998,57.53608481919149,-97.53573174766689
2019-07-04 20:50:19.813427,1.0,58.677578216499555,-97.66705741499425
2019-07-04 20:50:19.833432,1.0,59.82589861744572,-97.73673535902702
2019-07-04 20:50:19.854437,1.0000000000000002,61.73308805405836,-97.67320789614281
2019-07-04 20:50:19.874441,1.0,61.570563619640915,-100.3608460725392
2019-07-04 20:50:19.894446,1.0,60.7359298408933,-102.73780612730233
2019-07-04 20:50:19.914450,1.0,60.99384558358838,-103.71213402740868
2019-07-04 20:50:19.935455,1.0000000000000002,62.37356379879227,-102.09475707701212
2019-07-04 20:50:19.955461,0.9999999999999998,62.608769214958485,-100.7842978675626
2019-07-04 20:50:19.975464,0.9999999999999999,62.818548910699185,-99.46232220802563
2019-07-04 20:50:19.993468,1.0,62.325470349946876,-98.69550287742479
2019-07-04 20:50:20.013473,1.0,63.093236952312644,-98.56227224137473
2019-07-04 20:50:20.033477,1.0,63.40426920181593,-98.05117884895641
2019-07-04 20:50:20.054482,1.0,64.34928187176531,-98.68003232710761
2019-07-04 20:50:20.074486,1.0000000000000002,62.97603824187455,-97.76516601842535
2019-07-04 20:50:20.095491,1.0,61.56496665137907,-96.9315591903902
2019-07-04 20:50:20.115495,1.0,61.37308912282058,-91.57954259571193
2019-07-04 20:50:20.136501,0.9999999999999999,60.548994669905994,-89.57379755357536
2019-07-04 20:50:20.156505,0.9999999999999998,59.542968973396135,-88.92323902648847
2019-07-04 20:50:20.173508,1.0,58.7263043318654,-87.36756513101352
2019-07-04 20:50:20.194513,0.9999999999999998,58.707466201866566,-85.54161799360075
2019-07-04 20:50:20.214518,1.0,57.887551954672126,-83.98007573060464
2019-07-04 20:50:20.234522,1.0,57.064596117832195,-82.4196270618764
2019-07-04 20:50:20.254526,1.0,56.832233928795844,-81.4387462020986
2019-07-04 20:50:20.275532,1.0,55.91800936566965,-78.2760464192395
2019-07-04 20:50:20.295536,0.9999999999999999,55.106224811108106,-76.67153574940637
2019-07-04 20:50:20.315540,1.0,53.42001008813943,-73.65027828163915
2019-07-04 20:50:20.333544,1.0000000000000002,51.79008582093943,-70.52125126822027
2019-07-04 20:50:20.353548,1.0,50.036636369877606,-66.10153714589251
2019-07-04 20:50:20.373553,1.0000000000000002,48.61992701867288,-59.51426629366842
2019-07-04 20:50:20.394559,1.0,48.54015337496186,-53.889948779766485
2019-07-04 20:50:20.414563,1.0000000000000002,47.37007103918927,-51.40991246279399
2019-07-04 20:50:20.435569,1.0,46.86692934876324,-49.49413804976234
2019-07-04 20:50:20.455573,1.0000000000000002,45.419281857908516,-47.61296637516792
2019-07-04 20:50:20.475576,0.9999999999999999,45.45729900509674,-45.084715235723365
2019-07-04 20:50:20.495582,1.0,44.41061614349216,-42.304623862832635
2019-07-04 20:50:20.513585,1.0,44.099341292959274,-40.19553412557487
2019-07-04 20:50:20.533590,0.9999999999999999,43.12133707043414,-37.245385042687936
2019-07-04 20:50:20.554594,1.0000000000000002,42.39428817579784,-34.62960323586555
2019-07-04 20:50:20.574599,0.9999999999999999,43.347862668083565,-31.040045302822246
2019-07-04 20:50:20.594603,1.0000000000000002,43.03141862342585,-27.66675729228436
2019-07-04 20:50:20.615609,1.0000000000000002,42.42022551909186,-22.955381079580008
2019-07-04 20:50:20.635612,1.0000000000000002,40.66690698294326,-18.61761275086076
2019-07-04 20:50:20.655617,1.0,40.32141449641318,-12.861735406452551
2019-07-04 20:50:20.672621,1.0,41.54336282431316,-9.068494301439342
2019-07-04 20:50:20.693626,1.0000000000000002,41.41828714030675,-4.093024439756875
2019-07-04 20:50:20.713630,1.0000000000000002,41.233040402967205,0.08628875933050806
2019-07-04 20:50:20.734635,1.0,41.59250440629494,1.5637082198505157
2019-07-04 20:50:20.754639,1.0000000000000002,41.77650752108656,6.513004955339316
2019-07-04 20:50:20.775644,1.0,40.4726014020319,11.898722129564138
2019-07-04 20:50:20.795649,1.0,41.370288273291315,14.765816389002318
2019-07-04 20:50:20.815653,0.9999999999999999,42.640704869145466,18.08311585170486
2019-07-04 20:50:20.835657,1.0000000000000002,42.730321798049296,21.501434324047903
2019-07-04 20:50:20.853662,0.9999999999999999,42.48722544716597,24.423023032091898
2019-07-04 20:50:20.873666,1.0,43.79331852303516,28.882545218349264
2019-07-04 20:50:20.893671,1.0000000000000002,44.15312833265216,33.03112990422753
2019-07-04 20:50:20.914677,0.9999999999999999,45.37540742570423,36.312468986520884
2019-07-04 20:50:20.934680,1.0,45.94301036373107,37.49265333305034
2019-07-04 20:50:20.955685,1.0,45.48488883793152,40.16082978787366
2019-07-04 20:50:20.975689,0.9999999999999999,46.07520403623289,41.30315883128272
2019-07-04 20:50:20.995694,1.0000000000000002,46.66763505515098,42.427579736966365
2019-07-04 20:50:21.016698,1.0000000000000002,45.9263095100117,44.12480939764376
2019-07-04 20:50:21.033703,1.0000000000000002,46.36526179246103,45.98211716322419
2019-07-04 20:50:21.053707,1.0,46.972956388986255,47.066677810964705
2019-07-04 20:50:21.074712,1.0000000000000002,46.23807850216502,48.784306156388595
2019-07-04 20:50:21.094716,0.9999999999999999,46.84657606518924,49.84474585816145
2019-07-04 20:50:21.114739,1.0,45.375878428848885,51.33008132083167
2019-07-04 20:50:21.135743,1.0,47.343787225455465,51.68167113603255
2019-07-04 20:50:21.155748,0.9999999999999999,46.61661815272728,53.413119819382686
2019-07-04 20:50:21.175752,1.0000000000000002,45.798109679246046,56.00725404304584
2019-07-04 20:50:21.196757,0.9999999999999998,46.4288059972723,57.89072458056761
2019-07-04 20:50:21.213761,0.9999999999999998,46.4288059972723,57.89072458056761
2019-07-04 20:50:21.233765,1.0,47.05305330223357,58.87602078849866
2019-07-04 20:50:21.254770,1.0,47.05305330223357,58.87602078849866
2019-07-04 20:50:21.274775,0.9999999999999999,47.03817409097785,59.75700781557702
2019-07-04 20:50:21.294762,1.0,46.97202882803455,60.63707181637988
2019-07-04 20:50:21.315765,0.9999999999999999,47.03817409097785,59.75700781557702
2019-07-04 20:50:21.335771,0.9999999999999999,46.4189844138529,58.77197216734358
2019-07-04 20:50:21.355775,0.9999999999999999,46.4189844138529,58.77197216734358
2019-07-04 20:50:21.373780,1.0,46.631395026014225,56.056914839625335
2019-07-04 20:50:21.393783,0.9999999999999999,46.63632378230455,55.175510843043206
2019-07-04 20:50:21.414788,1.0,46.311431914767425,51.4243555367287
2019-07-04 20:50:21.434793,0.9999999999999998,46.63867509245053,47.86101869126428
2019-07-04 20:50:21.454797,1.0000000000000002,47.21707585315726,41.55819976195988
2019-07-04 20:50:21.474819,1.0,48.652491760379014,33.698594318016404
2019-07-04 20:50:21.495806,1.0000000000000002,51.270145576634654,24.766942868202793
2019-07-04 20:50:21.515833,0.9999999999999999,52.369562971818006,14.229292504453753
2019-07-04 20:50:21.536834,1.0000000000000002,53.208102871888826,5.038505822483217
2019-07-04 20:50:21.553837,1.0,53.4895563424209,-3.8431890181058823
2019-07-04 20:50:21.573824,0.9999999999999999,53.8216050914919,-12.362871507741955
2019-07-04 20:50:21.594829,1.0,52.83243819539607,-16.257065244824602
2019-07-04 20:50:21.614851,1.0000000000000002,54.880193599720826,-19.640719750087605
2019-07-04 20:50:21.634856,1.0,59.15779248785276,-23.781821348492592
2019-07-04 20:50:21.655861,1.0,61.82804491709313,-26.66689730053476
2019-07-04 20:50:21.675865,1.0000000000000002,60.171660236449384,-30.13108029109056
2019-07-04 20:50:21.695869,0.9999999999999999,58.70082746229697,-32.80282275114438
2019-07-04 20:50:21.716874,1.0,58.15415463326602,-33.87396583636228
2019-07-04 20:50:21.733878,1.0000000000000002,58.46838857627171,-37.38771397782497
2019-07-04 20:50:21.754883,1.0000000000000002,60.072560181489116,-39.920392139985424
2019-07-04 20:50:21.773887,0.9999999999999999,59.609433274455526,-44.84991316709434
2019-07-04 20:50:21.794873,1.0,59.7167494093697,-50.12854841901964
2019-07-04 20:50:21.814896,1.0,56.55213750631507,-55.826878329744176
2019-07-04 20:50:21.835903,1.0,56.465825147719656,-57.882445083294606
2019-07-04 20:50:21.855906,1.0,59.190652448860284,-57.72878417355029
2019-07-04 20:50:21.876910,0.9999999999999998,61.64227283808425,-56.35674274098524
2019-07-04 20:50:21.893896,0.9999999999999999,63.527540613297994,-55.74795081438101
2019-07-04 20:50:21.913900,1.0,63.562237756020934,-58.1403639405035
2019-07-04 20:50:21.934905,0.9999999999999998,60.95154363054169,-61.570951166913865
2019-07-04 20:50:21.954909,1.0,58.28746149810636,-64.46746704251694
2019-07-04 20:50:21.974914,1.0,58.73471527316865,-68.5093670828862
2019-07-04 20:50:21.994919,1.0,56.550415458765,-71.36210518452987
2019-07-04 20:50:22.015925,1.0,54.80606550626587,-75.86847350377607
2019-07-04 20:50:22.035928,0.9999999999999999,53.52465038613529,-79.12299700205577
2019-07-04 20:50:22.056933,0.9999999999999999,52.97778173429304,-82.2665778691946
2019-07-04 20:50:22.073936,1.0,51.37424694734665,-85.08890287284656
2019-07-04 20:50:22.093942,1.0,49.485964276337555,-89.85653432582758
2019-07-04 20:50:22.113945,1.0000000000000002,47.09351346257611,-94.21392975711844
2019-07-04 20:50:22.134950,1.0,44.95799311369184,-97.03902724992551
2019-07-04 20:50:22.154955,0.9999999999999999,43.54008791007495,-102.03206199684212
2019-07-04 20:50:22.175960,1.0000000000000002,41.96188882835149,-108.2211595930449
2019-07-04 20:50:22.195964,1.0,39.93176219942577,-118.4422770954374
2019-07-04 20:50:22.216970,1.0,36.942687505881956,-130.39370214935812
